{
  "episode_id": "ep_00082",
  "success": false,
  "initial_state": {
    "ee_pose": [
      0.6887446045875549,
      -0.01771765947341919,
      0.1885814368724823
    ],
    "quaternion": [
      -0.02971343696117401,
      0.9932142496109009,
      -0.05682104080915451,
      -0.09702537953853607
    ],
    "gripper_width": 0.000198969995835796
  }
}