{
  "episode_id": "ep_00079",
  "success": false,
  "initial_state": {
    "ee_pose": [
      0.6884007453918457,
      -0.026295049116015434,
      0.21491652727127075
    ],
    "quaternion": [
      -0.04125308617949486,
      0.9944389462471008,
      -0.044928520917892456,
      -0.0858536809682846
    ],
    "gripper_width": 0.00019962666556239128
  }
}