{
  "episode_id": "ep_00001",
  "success": true,
  "initial_state": {
    "ee_pose": [
      0.676011323928833,
      -0.016560358926653862,
      0.19224463403224945
    ],
    "quaternion": [
      -0.012173129245638847,
      0.9971662163734436,
      -0.05938546359539032,
      0.04454983025789261
    ],
    "gripper_width": 0.0002272066631121561
  }
}