{
  "episode_id": "ep_00024",
  "success": true,
  "initial_state": {
    "ee_pose": [
      0.6795147657394409,
      -0.011826926842331886,
      0.18657942116260529
    ],
    "quaternion": [
      0.02248195745050907,
      0.9996506571769714,
      -0.011303329840302467,
      0.00808666180819273
    ],
    "gripper_width": 0.00020422333909664303
  }
}