{
  "episode_id": "ep_00002",
  "success": true,
  "initial_state": {
    "ee_pose": [
      0.6757856607437134,
      -0.015568575821816921,
      0.1962428092956543
    ],
    "quaternion": [
      -0.008325664326548576,
      0.9985540509223938,
      -0.04448801279067993,
      0.02900484763085842
    ],
    "gripper_width": 0.0002219533344032243
  }
}