{
  "episode_id": "ep_00022",
  "success": true,
  "initial_state": {
    "ee_pose": [
      0.6773726344108582,
      -0.016275865957140923,
      0.18927055597305298
    ],
    "quaternion": [
      0.027371147647500038,
      0.9989629983901978,
      -0.03610330820083618,
      0.004507232923060656
    ],
    "gripper_width": 0.00020422333909664303
  }
}