{
  "episode_id": "ep_00030",
  "success": true,
  "initial_state": {
    "ee_pose": [
      0.6810663938522339,
      -0.013059764169156551,
      0.19750022888183594
    ],
    "quaternion": [
      0.009197519160807133,
      0.9991088509559631,
      -0.038606829941272736,
      0.01436760276556015
    ],
    "gripper_width": 0.00020290999964345247
  }
}