{
  "episode_id": "ep_00038",
  "success": true,
  "initial_state": {
    "ee_pose": [
      0.6832812428474426,
      -0.011858033016324043,
      0.20042912662029266
    ],
    "quaternion": [
      0.008372941985726357,
      0.9970651865005493,
      -0.0671788901090622,
      -0.03574739396572113
    ],
    "gripper_width": 0.00020225332991685718
  }
}