{
  "episode_id": "ep_00019",
  "success": true,
  "initial_state": {
    "ee_pose": [
      0.6776410341262817,
      -0.015014181844890118,
      0.1837175488471985
    ],
    "quaternion": [
      -0.02016073651611805,
      0.9993301033973694,
      -0.029361125081777573,
      -0.008412926457822323
    ],
    "gripper_width": 0.0002107900072587654
  }
}