{
  "episode_id": "ep_00008",
  "success": true,
  "initial_state": {
    "ee_pose": [
      0.6839799880981445,
      -0.01981494389474392,
      0.19879764318466187
    ],
    "quaternion": [
      -0.016602585092186928,
      0.9973481893539429,
      -0.05233560875058174,
      0.04777009040117264
    ],
    "gripper_width": 0.00021670000569429249
  }
}