{
  "episode_id": "ep_00031",
  "success": true,
  "initial_state": {
    "ee_pose": [
      0.6809145212173462,
      -0.012884944677352905,
      0.19632573425769806
    ],
    "quaternion": [
      0.009234216995537281,
      0.9989258050918579,
      -0.0438564158976078,
      0.011773187667131424
    ],
    "gripper_width": 0.00020225332991685718
  }
}