{
  "episode_id": "ep_00021",
  "success": true,
  "initial_state": {
    "ee_pose": [
      0.6735103726387024,
      -0.009764029644429684,
      0.18698608875274658
    ],
    "quaternion": [
      0.025723902508616447,
      0.998879075050354,
      -0.03933325037360191,
      -0.005642600357532501
    ],
    "gripper_width": 0.00020422333909664303
  }
}