{
  "episode_id": "ep_00007",
  "success": true,
  "initial_state": {
    "ee_pose": [
      0.6816586256027222,
      -0.01857425831258297,
      0.19225238263607025
    ],
    "quaternion": [
      -0.016895635053515434,
      0.9977959990501404,
      -0.04993006959557533,
      0.04030773788690567
    ],
    "gripper_width": 0.00021670000569429249
  }
}