{
  "episode_id": "ep_00017",
  "success": true,
  "initial_state": {
    "ee_pose": [
      0.6772447824478149,
      -0.015337271615862846,
      0.18478406965732574
    ],
    "quaternion": [
      -0.013821441680192947,
      0.9991074800491333,
      -0.03981241211295128,
      0.002865980612114072
    ],
    "gripper_width": 0.0002107900072587654
  }
}