{
  "episode_id": "ep_00039",
  "success": true,
  "initial_state": {
    "ee_pose": [
      0.6929964423179626,
      -0.015007922425866127,
      0.19733619689941406
    ],
    "quaternion": [
      0.008829501457512379,
      0.9981370568275452,
      -0.05836249515414238,
      -0.01543827261775732
    ],
    "gripper_width": 0.00020225332991685718
  }
}