{
  "episode_id": "ep_00089",
  "success": false,
  "initial_state": {
    "ee_pose": [
      0.721963107585907,
      -0.05003144219517708,
      0.19490163028240204
    ],
    "quaternion": [
      -0.036581557244062424,
      0.9894385933876038,
      -0.1359439492225647,
      -0.034530483186244965
    ],
    "gripper_width": 0.00019962666556239128
  }
}