{
  "episode_id": "ep_00078",
  "success": false,
  "initial_state": {
    "ee_pose": [
      0.6784833669662476,
      -0.03259611502289772,
      0.20512914657592773
    ],
    "quaternion": [
      -0.0409223772585392,
      0.9931183457374573,
      -0.03704524785280228,
      -0.10329078882932663
    ],
    "gripper_width": 0.000198969995835796
  }
}