{
  "episode_id": "ep_00086",
  "success": false,
  "initial_state": {
    "ee_pose": [
      0.7169208526611328,
      -0.03141579404473305,
      0.19645769894123077
    ],
    "quaternion": [
      -0.03257928788661957,
      0.9937564134597778,
      -0.08897195011377335,
      -0.058913763612508774
    ],
    "gripper_width": 0.000198969995835796
  }
}