{
  "episode_id": "ep_00084",
  "success": false,
  "initial_state": {
    "ee_pose": [
      0.7158849239349365,
      -0.016350161284208298,
      0.20108413696289062
    ],
    "quaternion": [
      -0.03458939120173454,
      0.9976221323013306,
      -0.04057630896568298,
      -0.04367200285196304
    ],
    "gripper_width": 0.000198969995835796
  }
}