{
  "episode_id": "ep_00055",
  "success": false,
  "initial_state": {
    "ee_pose": [
      0.6809929609298706,
      -0.016143865883350372,
      0.19590634107589722
    ],
    "quaternion": [
      0.00836118869483471,
      0.9928368926048279,
      -0.10490023344755173,
      -0.05657699704170227
    ],
    "gripper_width": 0.000198969995835796
  }
}