{
  "episode_id": "ep_00010",
  "success": true,
  "initial_state": {
    "ee_pose": [
      0.679484486579895,
      -0.016348911449313164,
      0.18249964714050293
    ],
    "quaternion": [
      -0.008571756072342396,
      0.9987016320228577,
      -0.04603854566812515,
      0.02005012333393097
    ],
    "gripper_width": 0.00021210333216004074
  }
}