{
  "episode_id": "ep_00097",
  "success": false,
  "initial_state": {
    "ee_pose": [
      0.7065836191177368,
      -0.03304888308048248,
      0.19475243985652924
    ],
    "quaternion": [
      -0.05826333910226822,
      0.997074544429779,
      0.04261481389403343,
      -0.02513412944972515
    ],
    "gripper_width": 0.000198969995835796
  }
}