{
  "episode_id": "ep_00070",
  "success": false,
  "initial_state": {
    "ee_pose": [
      0.6681215167045593,
      -0.006170195061713457,
      0.2021019458770752
    ],
    "quaternion": [
      -0.06667371094226837,
      0.9850383996963501,
      -0.05519351363182068,
      -0.14902226626873016
    ],
    "gripper_width": 0.000198969995835796
  }
}