{
  "episode_id": "ep_00044",
  "success": true,
  "initial_state": {
    "ee_pose": [
      0.6895485520362854,
      -0.015844549983739853,
      0.19859780371189117
    ],
    "quaternion": [
      0.000921178434509784,
      0.999314546585083,
      -0.036251481622457504,
      -0.007449659518897533
    ],
    "gripper_width": 0.00020094000501558185
  }
}