{
  "episode_id": "ep_00049",
  "success": true,
  "initial_state": {
    "ee_pose": [
      0.6759750247001648,
      -0.013064970262348652,
      0.19111458957195282
    ],
    "quaternion": [
      -0.014419316314160824,
      0.9979807138442993,
      -0.05228526517748833,
      -0.03305970877408981
    ],
    "gripper_width": 0.00019962666556239128
  }
}