{
  "episode_id": "ep_00087",
  "success": false,
  "initial_state": {
    "ee_pose": [
      0.7378158569335938,
      -0.024451199918985367,
      0.21009114384651184
    ],
    "quaternion": [
      -0.0267791710793972,
      0.9961357712745667,
      -0.08072374016046524,
      -0.02191050723195076
    ],
    "gripper_width": 0.000198969995835796
  }
}