{
  "episode_id": "ep_00093",
  "success": false,
  "initial_state": {
    "ee_pose": [
      0.6901028156280518,
      -0.016063328832387924,
      0.1946927160024643
    ],
    "quaternion": [
      -0.05399428680539131,
      0.9943028092384338,
      -0.038650743663311005,
      -0.08338245004415512
    ],
    "gripper_width": 0.00019962666556239128
  }
}