{
  "episode_id": "ep_00071",
  "success": false,
  "initial_state": {
    "ee_pose": [
      0.6995492577552795,
      -0.028584813699126244,
      0.18217375874519348
    ],
    "quaternion": [
      -0.02800322137773037,
      0.9949110746383667,
      -0.05072104558348656,
      -0.0824335366487503
    ],
    "gripper_width": 0.000198969995835796
  }
}