{
  "episode_id": "ep_00020",
  "success": true,
  "initial_state": {
    "ee_pose": [
      0.6756957769393921,
      -0.009562311694025993,
      0.1866086721420288
    ],
    "quaternion": [
      0.024318760260939598,
      0.998926043510437,
      -0.03739579766988754,
      0.012530980631709099
    ],
    "gripper_width": 0.00020422333909664303
  }
}