{
  "episode_id": "ep_00033",
  "success": true,
  "initial_state": {
    "ee_pose": [
      0.6724373698234558,
      -0.011859769001603127,
      0.1911274790763855
    ],
    "quaternion": [
      0.010054373182356358,
      0.9986431002616882,
      -0.04348897188901901,
      -0.026824945583939552
    ],
    "gripper_width": 0.00020290999964345247
  }
}