{
  "episode_id": "ep_00032",
  "success": true,
  "initial_state": {
    "ee_pose": [
      0.6767926812171936,
      -0.01385156624019146,
      0.1709602326154709
    ],
    "quaternion": [
      0.012626095674932003,
      0.9989874958992004,
      -0.04173159971833229,
      -0.011092878878116608
    ],
    "gripper_width": 0.00020290999964345247
  }
}