{
  "episode_id": "ep_00067",
  "success": false,
  "initial_state": {
    "ee_pose": [
      0.6826767325401306,
      -0.02171132154762745,
      0.2011311948299408
    ],
    "quaternion": [
      -0.060005586594343185,
      0.9892459511756897,
      -0.07348942756652832,
      -0.1113152727484703
    ],
    "gripper_width": 0.00019962666556239128
  }
}