{
  "episode_id": "ep_00080",
  "success": false,
  "initial_state": {
    "ee_pose": [
      0.699432373046875,
      -0.023604275658726692,
      0.20794111490249634
    ],
    "quaternion": [
      -0.024037009105086327,
      0.9971155524253845,
      -0.027677619829773903,
      -0.06645818799734116
    ],
    "gripper_width": 0.000198969995835796
  }
}