{
  "episode_id": "ep_00077",
  "success": false,
  "initial_state": {
    "ee_pose": [
      0.68937087059021,
      -0.04216182231903076,
      0.18133939802646637
    ],
    "quaternion": [
      -0.03643105551600456,
      0.9952952861785889,
      -0.0358605794608593,
      -0.08230550587177277
    ],
    "gripper_width": 0.000198969995835796
  }
}