{
  "episode_id": "ep_00054",
  "success": false,
  "initial_state": {
    "ee_pose": [
      0.6773980855941772,
      -0.003935989923775196,
      0.20647330582141876
    ],
    "quaternion": [
      0.007403457071632147,
      0.9939375519752502,
      -0.09448910504579544,
      -0.055723946541547775
    ],
    "gripper_width": 0.00019962666556239128
  }
}