{
  "episode_id": "ep_00069",
  "success": false,
  "initial_state": {
    "ee_pose": [
      0.6841259002685547,
      -0.01443562563508749,
      0.19599607586860657
    ],
    "quaternion": [
      -0.06053561717271805,
      0.9889408946037292,
      -0.07402998954057693,
      -0.1133621409535408
    ],
    "gripper_width": 0.000198969995835796
  }
}