{
  "episode_id": "ep_00029",
  "success": true,
  "initial_state": {
    "ee_pose": [
      0.6802642941474915,
      -0.013161431066691875,
      0.18975640833377838
    ],
    "quaternion": [
      0.010009224526584148,
      0.9991838932037354,
      -0.03772065415978432,
      0.010416346602141857
    ],
    "gripper_width": 0.00020290999964345247
  }
}