{
  "episode_id": "ep_00058",
  "success": false,
  "initial_state": {
    "ee_pose": [
      0.6813737154006958,
      -0.003023960394784808,
      0.21355406939983368
    ],
    "quaternion": [
      0.027317484840750694,
      0.9893175959587097,
      -0.11333603411912918,
      -0.08751821517944336
    ],
    "gripper_width": 0.000198969995835796
  }
}