{
  "episode_id": "ep_00043",
  "success": true,
  "initial_state": {
    "ee_pose": [
      0.6842935681343079,
      -0.015770524740219116,
      0.1915845274925232
    ],
    "quaternion": [
      0.005691661965101957,
      0.9981220960617065,
      -0.05282587558031082,
      -0.030485469847917557
    ],
    "gripper_width": 0.00020094000501558185
  }
}