{
  "episode_id": "ep_00085",
  "success": false,
  "initial_state": {
    "ee_pose": [
      0.702389657497406,
      -0.02911464311182499,
      0.196756511926651
    ],
    "quaternion": [
      -0.034539464861154556,
      0.9921186566352844,
      -0.0846983790397644,
      -0.08563777059316635
    ],
    "gripper_width": 0.00019962666556239128
  }
}