{
  "episode_id": "ep_00053",
  "success": false,
  "initial_state": {
    "ee_pose": [
      0.6668826341629028,
      0.00830377358943224,
      0.182115837931633
    ],
    "quaternion": [
      -0.012599756009876728,
      0.9946366548538208,
      -0.07081197947263718,
      -0.07432933896780014
    ],
    "gripper_width": 0.00019962666556239128
  }
}