{
  "episode_id": "ep_00083",
  "success": false,
  "initial_state": {
    "ee_pose": [
      0.7063701152801514,
      -0.009991375729441643,
      0.1966112107038498
    ],
    "quaternion": [
      -0.030361659824848175,
      0.9962156414985657,
      -0.049875665456056595,
      -0.06438159197568893
    ],
    "gripper_width": 0.000198969995835796
  }
}