{
  "episode_id": "ep_00005",
  "success": true,
  "initial_state": {
    "ee_pose": [
      0.6787824630737305,
      -0.018556082621216774,
      0.19574247300624847
    ],
    "quaternion": [
      -0.01544814370572567,
      0.9982128739356995,
      -0.04586489871144295,
      0.035055018961429596
    ],
    "gripper_width": 0.00021998333977535367
  }
}