{
  "episode_id": "ep_00061",
  "success": false,
  "initial_state": {
    "ee_pose": [
      0.6701473593711853,
      -0.009354881010949612,
      0.1964433789253235
    ],
    "quaternion": [
      -0.018351683393120766,
      0.9902164936065674,
      -0.044434405863285065,
      -0.13099677860736847
    ],
    "gripper_width": 0.000198969995835796
  }
}