{
  "episode_id": "ep_00099",
  "success": false,
  "initial_state": {
    "ee_pose": [
      0.7014724612236023,
      -0.02045607380568981,
      0.21218779683113098
    ],
    "quaternion": [
      -0.04977254569530487,
      0.9965673685073853,
      -0.034957535564899445,
      -0.05616205185651779
    ],
    "gripper_width": 0.00019962666556239128
  }
}