{
  "episode_id": "ep_00014",
  "success": true,
  "initial_state": {
    "ee_pose": [
      0.677805483341217,
      -0.014725308865308762,
      0.1850520670413971
    ],
    "quaternion": [
      -0.014001203700900078,
      0.9991511106491089,
      -0.03852026164531708,
      0.004151828121393919
    ],
    "gripper_width": 0.0002107900072587654
  }
}