{
  "episode_id": "ep_00004",
  "success": true,
  "initial_state": {
    "ee_pose": [
      0.6777517199516296,
      -0.0173085555434227,
      0.19547368586063385
    ],
    "quaternion": [
      -0.014735592529177666,
      0.9993144869804382,
      0.006566572934389114,
      0.033322010189294815
    ],
    "gripper_width": 0.00022063999495003372
  }
}