{
  "episode_id": "ep_00000",
  "success": true,
  "initial_state": {
    "ee_pose": [
      0.6769651770591736,
      -0.0220032911747694,
      0.20059159398078918
    ],
    "quaternion": [
      -0.008962034247815609,
      0.9977766871452332,
      -0.04799957200884819,
      0.045358624309301376
    ],
    "gripper_width": 0.00022917667229194194
  }
}