{
  "episode_id": "ep_00012",
  "success": true,
  "initial_state": {
    "ee_pose": [
      0.6853839755058289,
      -0.019430682063102722,
      0.18891541659832
    ],
    "quaternion": [
      -0.010289506055414677,
      0.998814046382904,
      -0.04133571684360504,
      0.02358052507042885
    ],
    "gripper_width": 0.00021210333216004074
  }
}