{
  "episode_id": "ep_00026",
  "success": true,
  "initial_state": {
    "ee_pose": [
      0.6787405014038086,
      -0.013486231677234173,
      0.1830272078514099
    ],
    "quaternion": [
      0.011237123049795628,
      0.9996344447135925,
      -0.02267342247068882,
      0.009522182866930962
    ],
    "gripper_width": 0.00020290999964345247
  }
}