{
  "episode_id": "ep_00060",
  "success": false,
  "initial_state": {
    "ee_pose": [
      0.6822564601898193,
      -0.014874741435050964,
      0.20046621561050415
    ],
    "quaternion": [
      -0.014063914306461811,
      0.9935705661773682,
      -0.06061666086316109,
      -0.0945802852511406
    ],
    "gripper_width": 0.00019962666556239128
  }
}