{
  "episode_id": "ep_00056",
  "success": false,
  "initial_state": {
    "ee_pose": [
      0.682385265827179,
      -0.011282498948276043,
      0.20948795974254608
    ],
    "quaternion": [
      0.023995958268642426,
      0.9904392957687378,
      -0.1205853745341301,
      -0.06255713850259781
    ],
    "gripper_width": 0.000198969995835796
  }
}