{
  "episode_id": "ep_00062",
  "success": false,
  "initial_state": {
    "ee_pose": [
      0.6687180995941162,
      -0.007038965355604887,
      0.1928078830242157
    ],
    "quaternion": [
      -0.044260382652282715,
      0.9891464710235596,
      -0.019122513011097908,
      -0.138797327876091
    ],
    "gripper_width": 0.00019962666556239128
  }
}