{
  "episode_id": "ep_00066",
  "success": false,
  "initial_state": {
    "ee_pose": [
      0.7118172645568848,
      -0.03150208666920662,
      0.21063709259033203
    ],
    "quaternion": [
      -0.05972452834248543,
      0.9966863989830017,
      0.012362523935735226,
      -0.05381864309310913
    ],
    "gripper_width": 0.000198969995835796
  }
}