{
  "episode_id": "ep_00015",
  "success": true,
  "initial_state": {
    "ee_pose": [
      0.6752720475196838,
      -0.014638535678386688,
      0.18456608057022095
    ],
    "quaternion": [
      -0.014317098073661327,
      0.9991415739059448,
      -0.038819748908281326,
      -0.002045905450358987
    ],
    "gripper_width": 0.0002107900072587654
  }
}