{
  "episode_id": "ep_00013",
  "success": true,
  "initial_state": {
    "ee_pose": [
      0.6901942491531372,
      -0.017667770385742188,
      0.18346035480499268
    ],
    "quaternion": [
      -0.010801166296005249,
      0.9985029697418213,
      -0.03805350139737129,
      0.037776924669742584
    ],
    "gripper_width": 0.00021144666243344545
  }
}