{
  "episode_id": "ep_00009",
  "success": true,
  "initial_state": {
    "ee_pose": [
      0.6845797896385193,
      -0.016654832288622856,
      0.1990407109260559
    ],
    "quaternion": [
      -0.016892271116375923,
      0.9973466992378235,
      -0.05116135999560356,
      0.04895680770277977
    ],
    "gripper_width": 0.00021538666624110192
  }
}