{
  "episode_id": "ep_00046",
  "success": true,
  "initial_state": {
    "ee_pose": [
      0.6856669187545776,
      -0.016197890043258667,
      0.20159442722797394
    ],
    "quaternion": [
      -0.0002824237453751266,
      0.9989096522331238,
      -0.04229152947664261,
      -0.019772030413150787
    ],
    "gripper_width": 0.00020094000501558185
  }
}