{
  "episode_id": "ep_00059",
  "success": false,
  "initial_state": {
    "ee_pose": [
      0.6877219080924988,
      -0.0006271227612160146,
      0.20252925157546997
    ],
    "quaternion": [
      0.0049505168572068214,
      0.9934570789337158,
      -0.07739394903182983,
      -0.08383766561746597
    ],
    "gripper_width": 0.00019962666556239128
  }
}