{
  "episode_id": "ep_00051",
  "success": true,
  "initial_state": {
    "ee_pose": [
      0.6833401322364807,
      -0.019185746088624,
      0.2030421495437622
    ],
    "quaternion": [
      -0.012755200266838074,
      0.99687260389328,
      -0.0738748237490654,
      -0.024996960535645485
    ],
    "gripper_width": 0.00019962666556239128
  }
}