{
  "episode_id": "ep_00081",
  "success": false,
  "initial_state": {
    "ee_pose": [
      0.703584611415863,
      -0.02444729022681713,
      0.19255298376083374
    ],
    "quaternion": [
      -0.021046454086899757,
      0.9966370463371277,
      -0.04856276512145996,
      -0.06255664676427841
    ],
    "gripper_width": 0.00019962666556239128
  }
}