{
  "episode_id": "ep_00047",
  "success": true,
  "initial_state": {
    "ee_pose": [
      0.6839746832847595,
      -0.015887213870882988,
      0.1903788447380066
    ],
    "quaternion": [
      -0.013298584148287773,
      0.9989231824874878,
      -0.03236711397767067,
      -0.03046494349837303
    ],
    "gripper_width": 0.00020028333528898656
  }
}