{
  "episode_id": "ep_00090",
  "success": false,
  "initial_state": {
    "ee_pose": [
      0.7282713055610657,
      -0.04731886088848114,
      0.2017369270324707
    ],
    "quaternion": [
      -0.03776456043124199,
      0.9899288415908813,
      -0.1336447298526764,
      -0.02745557762682438
    ],
    "gripper_width": 0.00019962666556239128
  }
}