{
  "episode_id": "ep_00023",
  "success": true,
  "initial_state": {
    "ee_pose": [
      0.6801092028617859,
      -0.013024359941482544,
      0.18389730155467987
    ],
    "quaternion": [
      0.0233933012932539,
      0.9991584420204163,
      -0.03306308761239052,
      0.006481575779616833
    ],
    "gripper_width": 0.00020422333909664303
  }
}