{
  "episode_id": "ep_00027",
  "success": true,
  "initial_state": {
    "ee_pose": [
      0.6834560632705688,
      -0.012838475406169891,
      0.19054122269153595
    ],
    "quaternion": [
      0.010698569938540459,
      0.999303936958313,
      -0.030644197016954422,
      0.018387898802757263
    ],
    "gripper_width": 0.00020225332991685718
  }
}