{
  "episode_id": "ep_00092",
  "success": false,
  "initial_state": {
    "ee_pose": [
      0.7214978337287903,
      -0.02920348197221756,
      0.1954755187034607
    ],
    "quaternion": [
      -0.04551411792635918,
      0.9946852922439575,
      -0.08492220193147659,
      -0.036302272230386734
    ],
    "gripper_width": 0.000198969995835796
  }
}