{
  "episode_id": "ep_00040",
  "success": true,
  "initial_state": {
    "ee_pose": [
      0.6863810420036316,
      -0.01717875525355339,
      0.19800631701946259
    ],
    "quaternion": [
      0.0087039265781641,
      0.9984119534492493,
      -0.047042667865753174,
      -0.029746320098638535
    ],
    "gripper_width": 0.00020225332991685718
  }
}