{
  "episode_id": "ep_00028",
  "success": true,
  "initial_state": {
    "ee_pose": [
      0.6800708174705505,
      -0.01164938509464264,
      0.19254453480243683
    ],
    "quaternion": [
      0.009573047049343586,
      0.9994192719459534,
      -0.03100869245827198,
      0.010391236282885075
    ],
    "gripper_width": 0.00020290999964345247
  }
}