{
  "episode_id": "ep_00072",
  "success": false,
  "initial_state": {
    "ee_pose": [
      0.6903361678123474,
      -0.030119357630610466,
      0.1927909106016159
    ],
    "quaternion": [
      -0.025280091911554337,
      0.9934247732162476,
      -0.049682457000017166,
      -0.09999918192625046
    ],
    "gripper_width": 0.000198969995835796
  }
}