{
  "episode_id": "ep_00073",
  "success": false,
  "initial_state": {
    "ee_pose": [
      0.6874212622642517,
      -0.017284609377384186,
      0.19857141375541687
    ],
    "quaternion": [
      0.001305529847741127,
      0.9934640526771545,
      -0.011488291434943676,
      -0.11355850100517273
    ],
    "gripper_width": 0.000198969995835796
  }
}