{
  "episode_id": "ep_00063",
  "success": false,
  "initial_state": {
    "ee_pose": [
      0.6873360276222229,
      -0.023264873772859573,
      0.20828405022621155
    ],
    "quaternion": [
      -0.05067161098122597,
      0.9935149550437927,
      -0.015946008265018463,
      -0.1005292758345604
    ],
    "gripper_width": 0.00019962666556239128
  }
}