{
  "episode_id": "ep_00041",
  "success": true,
  "initial_state": {
    "ee_pose": [
      0.6912345886230469,
      -0.02063676528632641,
      0.19434429705142975
    ],
    "quaternion": [
      0.008429271169006824,
      0.999130129814148,
      -0.035924676805734634,
      -0.01942484639585018
    ],
    "gripper_width": 0.00020225332991685718
  }
}