{
  "episode_id": "ep_00037",
  "success": true,
  "initial_state": {
    "ee_pose": [
      0.6769263744354248,
      -0.011284866370260715,
      0.19766680896282196
    ],
    "quaternion": [
      0.008046748116612434,
      0.9968481659889221,
      -0.0641564279794693,
      -0.04596642404794693
    ],
    "gripper_width": 0.00020290999964345247
  }
}