{
  "episode_id": "ep_00095",
  "success": false,
  "initial_state": {
    "ee_pose": [
      0.702473521232605,
      -0.03657090663909912,
      0.21572087705135345
    ],
    "quaternion": [
      -0.05284653604030609,
      0.9960178732872009,
      -0.004172792658209801,
      -0.07168162614107132
    ],
    "gripper_width": 0.000198969995835796
  }
}