{
  "episode_id": "ep_00076",
  "success": false,
  "initial_state": {
    "ee_pose": [
      0.6881483793258667,
      -0.017862694337964058,
      0.19138623774051666
    ],
    "quaternion": [
      -0.04234852269291878,
      0.9945348501205444,
      -0.0015079654986038804,
      -0.09541915357112885
    ],
    "gripper_width": 0.000198969995835796
  }
}