{
  "episode_id": "ep_00068",
  "success": false,
  "initial_state": {
    "ee_pose": [
      0.6803635954856873,
      -0.015037129633128643,
      0.2008863091468811
    ],
    "quaternion": [
      -0.06360094994306564,
      0.9881709814071655,
      -0.07395017147064209,
      -0.11834003031253815
    ],
    "gripper_width": 0.000198969995835796
  }
}