{
  "episode_id": "ep_00064",
  "success": false,
  "initial_state": {
    "ee_pose": [
      0.6822373867034912,
      -0.017512736842036247,
      0.20167037844657898
    ],
    "quaternion": [
      -0.052737731486558914,
      0.9913802146911621,
      -0.017745325341820717,
      -0.11861301958560944
    ],
    "gripper_width": 0.000198969995835796
  }
}