{
  "episode_id": "ep_00065",
  "success": false,
  "initial_state": {
    "ee_pose": [
      0.7045490741729736,
      -0.022364024072885513,
      0.2031724900007248
    ],
    "quaternion": [
      -0.04922923073172569,
      0.9960876107215881,
      -0.002840067958459258,
      -0.07333454489707947
    ],
    "gripper_width": 0.00019962666556239128
  }
}