{
  "episode_id": "ep_00074",
  "success": false,
  "initial_state": {
    "ee_pose": [
      0.7061895728111267,
      -0.017234301194548607,
      0.18619506061077118
    ],
    "quaternion": [
      0.0014275393914431334,
      0.9972205758094788,
      0.013166751712560654,
      -0.07331962883472443
    ],
    "gripper_width": 0.00019962666556239128
  }
}