{
  "episode_id": "ep_00057",
  "success": false,
  "initial_state": {
    "ee_pose": [
      0.6869520545005798,
      -0.01354329101741314,
      0.2131500542163849
    ],
    "quaternion": [
      0.017119424417614937,
      0.9926214218139648,
      -0.10093102604150772,
      -0.06498175114393234
    ],
    "gripper_width": 0.000198969995835796
  }
}