{
  "episode_id": "ep_00025",
  "success": false,
  "initial_state": {
    "ee_pose": [
      0.6807585954666138,
      -0.011431943625211716,
      0.19317249953746796
    ],
    "quaternion": [
      0.021911267191171646,
      0.9994215965270996,
      -0.023725725710392,
      0.010649632662534714
    ],
    "gripper_width": 0.00020422333909664303
  }
}