{
  "episode_id": "ep_00088",
  "success": false,
  "initial_state": {
    "ee_pose": [
      0.7464103102684021,
      -0.028152069076895714,
      0.19289404153823853
    ],
    "quaternion": [
      -0.02664542943239212,
      0.9959822297096252,
      -0.08523892611265182,
      -0.006613645236939192
    ],
    "gripper_width": 0.00019962666556239128
  }
}