{
  "episode_id": "ep_00016",
  "success": true,
  "initial_state": {
    "ee_pose": [
      0.6784821152687073,
      -0.015927646309137344,
      0.18474629521369934
    ],
    "quaternion": [
      -0.013423535041511059,
      0.9991104602813721,
      -0.03955307602882385,
      0.0058025480248034
    ],
    "gripper_width": 0.0002107900072587654
  }
}