{
  "episode_id": "ep_00034",
  "success": true,
  "initial_state": {
    "ee_pose": [
      0.6761005520820618,
      -0.012808947823941708,
      0.19387982785701752
    ],
    "quaternion": [
      0.006012336350977421,
      0.9988337755203247,
      -0.04284000024199486,
      -0.02143995277583599
    ],
    "gripper_width": 0.00020225332991685718
  }
}