{
  "episode_id": "ep_00098",
  "success": false,
  "initial_state": {
    "ee_pose": [
      0.6789301037788391,
      -0.025022411718964577,
      0.19842687249183655
    ],
    "quaternion": [
      -0.051803603768348694,
      0.9936782717704773,
      -0.03548180311918259,
      -0.09306412935256958
    ],
    "gripper_width": 0.000198969995835796
  }
}