{
  "episode_id": "ep_00048",
  "success": false,
  "initial_state": {
    "ee_pose": [
      0.692757785320282,
      -0.021547285839915276,
      0.19971810281276703
    ],
    "quaternion": [
      -0.011658127419650555,
      0.9997628331184387,
      -0.018089046701788902,
      0.003341692965477705
    ],
    "gripper_width": 0.000198969995835796
  }
}