{
  "episode_id": "ep_00035",
  "success": true,
  "initial_state": {
    "ee_pose": [
      0.6722933650016785,
      -0.012881763279438019,
      0.19278961420059204
    ],
    "quaternion": [
      0.006086459383368492,
      0.9984856247901917,
      -0.04446309432387352,
      -0.03181915357708931
    ],
    "gripper_width": 0.00020225332991685718
  }
}