{
  "episode_id": "ep_00045",
  "success": true,
  "initial_state": {
    "ee_pose": [
      0.6767684817314148,
      -0.015977824106812477,
      0.19334565103054047
    ],
    "quaternion": [
      0.0009008963243104517,
      0.9990875124931335,
      -0.02170867659151554,
      -0.03677021339535713
    ],
    "gripper_width": 0.00020094000501558185
  }
}