{
  "episode_id": "ep_00006",
  "success": true,
  "initial_state": {
    "ee_pose": [
      0.6798698306083679,
      -0.019976237788796425,
      0.19708919525146484
    ],
    "quaternion": [
      -0.017347021028399467,
      0.9973239302635193,
      -0.060244277119636536,
      0.03761192411184311
    ],
    "gripper_width": 0.0002193266700487584
  }
}