{
  "episode_id": "ep_00052",
  "success": true,
  "initial_state": {
    "ee_pose": [
      0.6760027408599854,
      -0.017363019287586212,
      0.19628745317459106
    ],
    "quaternion": [
      -0.011063260957598686,
      0.9983704090118408,
      -0.03523024544119835,
      -0.04350833594799042
    ],
    "gripper_width": 0.00019962666556239128
  }
}