{
  "episode_id": "ep_00042",
  "success": true,
  "initial_state": {
    "ee_pose": [
      0.68093341588974,
      -0.020360738039016724,
      0.18985381722450256
    ],
    "quaternion": [
      0.009435406886041164,
      0.9972302317619324,
      -0.06596095114946365,
      -0.0330444760620594
    ],
    "gripper_width": 0.00020094000501558185
  }
}