{
  "episode_id": "ep_00018",
  "success": true,
  "initial_state": {
    "ee_pose": [
      0.6829164028167725,
      -0.02035028673708439,
      0.18011613190174103
    ],
    "quaternion": [
      -0.01276903972029686,
      0.9989746809005737,
      -0.043260883539915085,
      0.0038778011221438646
    ],
    "gripper_width": 0.0002107900072587654
  }
}