{
  "episode_id": "ep_00091",
  "success": false,
  "initial_state": {
    "ee_pose": [
      0.7126051783561707,
      -0.038451068103313446,
      0.19547852873802185
    ],
    "quaternion": [
      -0.04431329667568207,
      0.9874097108840942,
      -0.1350397914648056,
      -0.06944608688354492
    ],
    "gripper_width": 0.000198969995835796
  }
}