{
  "episode_id": "ep_00094",
  "success": false,
  "initial_state": {
    "ee_pose": [
      0.681204617023468,
      -0.009582818485796452,
      0.20889799296855927
    ],
    "quaternion": [
      -0.057193316519260406,
      0.991051435470581,
      -0.029037803411483765,
      -0.11705899983644485
    ],
    "gripper_width": 0.000198969995835796
  }
}