{
  "episode_id": "ep_00100",
  "success": false,
  "initial_state": {
    "ee_pose": [
      0.6939619779586792,
      -0.026321575045585632,
      0.21242818236351013
    ],
    "quaternion": [
      -0.044308558106422424,
      0.9950979948043823,
      0.027050618082284927,
      -0.08417227119207382
    ],
    "gripper_width": 0.000198969995835796
  }
}