{
  "episode_id": "ep_00096",
  "success": false,
  "initial_state": {
    "ee_pose": [
      0.6954439878463745,
      -0.03756362944841385,
      0.21822461485862732
    ],
    "quaternion": [
      -0.06151854619383812,
      0.9937830567359924,
      0.00609107781201601,
      -0.09259381890296936
    ],
    "gripper_width": 0.000198969995835796
  }
}