{
  "episode_id": "ep_00050",
  "success": true,
  "initial_state": {
    "ee_pose": [
      0.681480348110199,
      -0.016441864892840385,
      0.1952815055847168
    ],
    "quaternion": [
      -0.01314212754368782,
      0.9975873231887817,
      -0.06339883804321289,
      -0.025048598647117615
    ],
    "gripper_width": 0.00019962666556239128
  }
}