{
  "episode_id": "ep_00036",
  "success": true,
  "initial_state": {
    "ee_pose": [
      0.6749489903450012,
      -0.01334892213344574,
      0.1953992396593094
    ],
    "quaternion": [
      0.006898100487887859,
      0.9977038502693176,
      -0.06133490428328514,
      -0.027884885668754578
    ],
    "gripper_width": 0.00020225332991685718
  }
}