{
  "episode_id": "ep_00011",
  "success": true,
  "initial_state": {
    "ee_pose": [
      0.6840071678161621,
      -0.015965649858117104,
      0.19042225182056427
    ],
    "quaternion": [
      -0.009048525243997574,
      0.9982247352600098,
      -0.049169838428497314,
      0.03237093612551689
    ],
    "gripper_width": 0.00021210333216004074
  }
}