{
  "episode_id": "ep_00075",
  "success": false,
  "initial_state": {
    "ee_pose": [
      0.7153306007385254,
      -0.018194375559687614,
      0.20213763415813446
    ],
    "quaternion": [
      0.004033704753965139,
      0.9982627630233765,
      0.02567746862769127,
      -0.0528758242726326
    ],
    "gripper_width": 0.00019962666556239128
  }
}