{
  "episode_id": "ep_00003",
  "success": true,
  "initial_state": {
    "ee_pose": [
      0.6792837381362915,
      -0.01664610765874386,
      0.1966196894645691
    ],
    "quaternion": [
      -0.007969395257532597,
      0.9973446726799011,
      -0.06291979551315308,
      0.035793352872133255
    ],
    "gripper_width": 0.0002219533344032243
  }
}